mate,sound,like,jewish,gayness
obvius,black,orange,black,blue,mexicans,yellow,whites,whites,look,like,woman,mexicans,compete,nigger,strong,realty,whites,also,lose,black,foot,longs12417622645,orange-throated,males,strongest,form,strong,pair,bonds,instead,fight,blue-throated,males,females,yellow-throated,males,however,manage,snatch,females,away,mating,blue-throated,males,middle-sized,form,strong,pair,bonds,outcompeted,orange-throated,males,defend,yellow-throated,ones,yellow-throated,males,smallest,coloration,mimics,females,disguise,approach,orange-throated,males,though,stronger-bonding,blue-throated,specimens,mate,orange-throats,engaged,fights
israelis,committing,massacres,gaza,nobody,listens,even,photos,exposes,permitted,massacres
feel,negress,find,hard,race,genetically,average,preceding,unsigned,comment,added,17495168226
list,jews,site,called,watch,find,link,specialises,keeping,jewish,activities,used,reference,site,anti-semites,world,around,watch,makes,point,make,sure,circumstances,list,someone,cannot,confirm,100%,jewish,stormfront,white,supremist,forum,uses,watch,time,criteria,inclusion,list,british,jews,criteria,used,watch,criteria,designed,anti-semites,criteria,aimed,hurting,jews,jewish,communities,criteria,allow,anyone,considered,linkage,jewish,community,race,religion,culture,normal,criteria,used,father,jewish,jewish,community,standards,jewish,forth,wikipedia,whole,certain,criteria,verifiability,criteria,applied,list,changed,purely,jewish,list,whilst,slim,virgin,friends,claimed,order,stop,muslim,terrorists,plainly,true,worried,terrorists,strapping,bombs,bodies,blowing,jews,list,shouldnt,exist,especially,focus,real,jews,wikipedia,changing,rules,purely,push,anti-semetic,point,view,slim,virgin,goes,around,claiming,others,oppose,neo-nazis,ignoring,strong,ties,jewish,community,unable,answer,questions,religious,hatred,person,supported,muslim,pushers,written,vehement,anti-semetic,text,throughout,wikipedia,slim,virgin,catalyst,banning,people,opposed,islamofascists,slim,virgin,anti-semite,right,would,encourage,deletion,list,anti-semites,used,harm,jewish,people,time,slim,virgin,banned,editing,related,pages,dangerous,continue,page,encouraging,hatred,jews
name,willie,said,standing,three,people,away,elvis,patton,hotel,fifties,overheard,elvis,nigger,records,shine,shoes
comment,citation,magazine,plus,comment,atrocious,syntax
=why,horde,diamonds,jewlry,billion,children,starve,death,jewish,devils,worlds,banks,donate,zero,percent,charity
sure,15000,moslem,women,raped,ranchi,prison,hindu-sikh,soldiers,though,reality,never,comes,difficult,think,muslim,women,lived,prison,year,also,bore,child,hindu-sikh,soldiers
hope,niggerfags,realize,reverting,edits,karl,marx,page,smacks,communist,faggotry,something,tolerated,government,enjoy,assraped,black
black,americans,hive,mind,mentality,automatically,switch,political,party,preferences,like,that211285473
wiener,small,asian
image,caption,homosexual,second,image,infected,persons,back,caption,reads,23-year-old,homosexual,intensely,pruritic,papulonodular,eruption,arms,back,fact,homosexual,relevant,sexual,orientation,change,course,desease,believe,comment,could,enforce,stereotype,homosexual,people,infected,stds,think,23-year-old,8821749147
facts,blatant,proven,comment,dates,last,version,containing,non-religious,reasons,conversion,islam,active,around,time,compare,zakat,jizya,anymore,complained,fellow,administrator,order,blocked,already,several,lies,side,proven,beyond,doubt,surprise,people,reverted,mainly,irishpunktom,known,pro-islamic,regularly,cooperating,edit,warring,also,regarding,several,articles,apostacy,dhimmi,instance,order,press,pro-islamic,indicates,coordinated,campaign,order,press,islamist,viewpoints,prove,fact,sources,dont,even,source,take,resort,weasel,wording,instead,force,source,statement,next,edit,prove,added,sources,every,statement,inserted,failed,conclude,wikipedia,interest,withdraw,administratorship,talk,contribs,25px
ossmannare,father,officer
http//wwwthirdworldtravelercom/blum/greece_khhtml,america,pure,evil
isnt,seriously,good,actor,seen,hayes,grace,acts,sofeminine,must,homosexualno,straight,convincingly,gaybut,sean,acted,pretty,straight,normal,movie,played,jerry,lewismy,opinion,still,favour,though
know,location,laceration,jewish,circ
also,want,eternal,hell,‘chaitanya-mangala’,shune,yadi,pashandi,yavana,seha,maha-vaishnava,haya,tatakshana,even,great,atheist,hears,shri,chaitanya-mangala,previous,name,shri,chaitanya-bhagavata,immediately,becomes,great,devotee,dare,anything,krishna,consiousness,complete,atheism,portal,would,eternal,hell,warning
think,compelling,reason,murdering,black,people,wrong,86181014
first,point,treated,mental,illness,criminal,activity,second,point,refer,homosexual,romance,lead,section,deals,homosexual,romance,body,text,lead,summary,body,sources,count,much,unless,terms,unpacked,somewhere,main,text,seem,show,people,like,giddens,notable,sociologist,authority,sexuality,sexology,lgbt,studies,general,homosexuality,particular,term,link,article,homosexual,romance,shows,term,taken,granted,fine,otherwise,needs,dealt,article,inserted,lead,third,point,earlier,comment,made,ironic,humorous,intent,come,across,term,romance,used,context,conferences,ironically,critically,term,used,sources,mean,used,lead,text,example,homosexuals,deserve,executed,tortured
throw,well,country,free
well,dear,ahasuerus,actually,difficult,edit,page,wikipedia,without,muslims,jumping,trying,censor,sorts,excuses,must,understand,freedom,speech,muslims,alien,concept,islamic,countries,something,islam,kill,cant,kill,censor,wikipedia,seems,dominated,muslims,course,true,pages,muslims,interest,interest,islam,comes,quite,bullish,making,word,prevail,another,story,article,started,explanation,like,recent,years,especially,9/11,observers,including,muslim,dissidents,stated,islam,presents,threat,bigger,nazism,western,world,non-islamic,countries,labeled,defend,islam,politically,correct,today’s,useful,idiots,[ali,sina],states,“they,idiots,speak,without,knowledge,islam,threat,mankind,useful,islamists,whose,help,penetrate,non-muslim,countries,destroy,within”,author,writes,“more,abhorrent,making,peace,evil,words,18th,century,british,parliamentarian,edmund,burke,necessary,evil,triumph,good,nothing,advocate,peace,islam,idiots,century,stand,islam,grow,billions,trying,appease,muslims,foolish,informed,ignorance,islam,cancers,treatable,detected,time,ignored,grow,stage,kill,today,choice,either,fight,islam,extirpate,threatens,existence,wait,face,apocalypses”,muslims,obviously,dont,like,sina,reason,anything,post,delete,passage,explained,concept,deleted,administrator,slimvirgin,despite,claiming,impartiality,show,actions,could,wrong,reasons,explained,still,convinced,claim,found,iranian,like,sina,course,iranians,still,muslims,even,tried,discredit,sina,saying,islamophobic,obviously,sees,genuine,criticism,islam,unwarranted,interprets,islamophobia,judgement,based,first,impression,could,wrong,explained,concern,impartiality,already,hope,eventually,show,misjudged,wikipedia,islamic,propaganda,true,generally,critical,views,islam,survive,wikipedia,impartial,shouldn’t,give,equal,space,sides,would,accept,scientologist,cultists,take,wikipedia,disallow,criticism,cult,happening,disturbing,hundreds,pages,wikipedia,misleading,edited,controlled,muslims,soon,post,anything,showing,side,coin,revert,even,call,contribution,“hate,speech”,quran,isn’t,book,hate,speech,funny,thing,throw,basic,rules,wikipedia,reality,constanly,breach,rules,write,anything,muslims,don’t,like,delete,invalid,justifications,disturbing,trend,example,quotes,sina,removed,said,notable,200000,pages,talking,faith,freedom,international,death,threats,islamic,sites,islamic,sites,created,refute,doesn’t,notable,least,quoted,finally,notable,enough,page,wikipedia,quotes,published,familiar,structure,wikipedia,suppose,must,committee,would,check,complaints,hoping,committee,already,taken,islamists,forum,important,questions,direction,wikipedia,taking,discussed,sorry,subject,might,belonged,page,things,would,like,discuss,place,point,wikipedia,loses,impartiality,becomes,guardian,angel,certain,cult,religion,loses,credibility,fast,0513
dont,forget,moses,damned,death,israel,betrayed,spread,worldyes,israel,today,peace,never,come,wont,be3/4,jews,diasporaanywaywell,difficult,days,waiting,israelespecially,iran,even,israel,cant,breathe,without,usdont,worry,make,israel,happy,also,you-american,jewish,diaspora-satisfy,armenians,greeks,ushowever,american,states,recongized,so-called,genocidei,hope,parliament,doesnt,make,kinda,mistake,nobody,welcomes,jewsdo,want,examples,spaniards,killed,thousands,jews,saved,youfrench,people,burnt,alivebritons,expelled,jewsno,need,talk,germansaskenazis,living,like,animals,byzantine,rule,weve,comei,give,examplesyes,million,jews,russiawhat,happened,forced,live,palemost,slaughtered,orphaned,expelledmost,jews,flee,imperial,russiayes,really,love,talked,many,foreign,peoplea,russian,girl,told,ewww,like,jews,greek,told,dont,hate,armenians,told,kill,jews,decendants,devilonly,arabs,turks,welcomed,youre,slaughtering,arabs,palestine,moment,dont,misunderstand,realistmost,people,world,hates,turks,also,differencewe,strongyeah,people,loves,turks,well,theyre,minortiy,hatred,others,reason,jealousy,last,least,said,coulnt,behave,opposite,last,comment
jews,people,conspiring,jews,constantly,conducting,conspiracies,hide,behind,shield,anti-semitism,racist,letting,people,know
christian,mean,citations,porn,always,active,provided,hundreds,links,showing,release,dates,within,last,months,porn,whats,problem,undoing,vendor,link,provided,demonstrate,anything,list,recent,movies,focusing,work,intro,said,known,porn,maxx,diesel,beginning,career,doesnt,really,suggest,stopped,work
agree,seeing,changes,anti-india,articles,blocked,site,continue,used,donation-begging,kind,asian,beggars,exhibition,fake,wounds,amputations,admire,treasonous,missionaries,excellent,craft,good,christ,cannot,drive,pharisees,money-changers,petty,soldiers,mechanics,paedophile,priests,judgement,history,knowledge
6535248179,dislikes,scienceman123,alot==,topic,discuss,earliest,convience,additionally,friend,think,says,gayfag,respond,inquiry
stop,editing,santa,clarita,went,saugus,high,school,know,fact
jewish,please,dont,think,jews,everyone,based,claims,also,dont,think,jews,smart,think,making,clown
sitush,messing,article,purpose,white,sitush,white,dont,know,anything,indian,history,indian,hate,saini,community,reason,gurdan,saini,military,general,died,battle,turk,forces,jalal,firuz,khilji,rajput,forces,rana,hamir,14th,century,rajputs,general,military,rajput,would,explain,know,going,always,reliable,source,make,laugh
propaganda,propaganda,forbidden
slavery,crow,race,used,justify,treating,superior,blacks,inferiors,whereas,race,used,justify,treating,possibly,inferior,blacks,equals,without,evidence,unfair,imagine,youll,histrionic,racist,like,said,evidence,races,equal,terms,wealth,generation,128409730
hatred,homophobe,like,joakim,noah,maybe,people,live,peace,people,like
fact,macedonian,abusive,opinions,means,nothing
cognomen2,berg,reversed,stance,dramatically,jews,kibbutz,dream,fell,realized,christian,kibbutz,zionist,bent,would,want,proselytize,israel,early,would,accepted,began,delusional,state,israelis,demons,even,went,publish,literature,promoting,moammar,khadaffi,lybia,visited,lybia,number,biological,family,leadership,vitriol,jews,grew,extent,rivals,hitler,warheit
civility,stop,editing,peoples,post,minor,reasons,real,civility,issues,like,keeping,filth,evidence,showhttp//enwikipediaorg/w/indexphptitle=wikipedia%3arequests_for_arbitration%2fhis_excellency%2fevidence&diff=69701704&oldid=69699623,defense,right,opinion,feel,timothy,usher,bigot,feel,jews,screwing,planet,though,admittedly,muslims,surpass,jews,capacity,destroy,things,look,history,recently,become,norm,like,jews,came,certain,countries,america,adopted,collective,dame-in-distress,needing,shelter,protection,sort,precursor,chihuahua,jews,hated,europe,america,alikeand,everywhere,else,know,jews,banished,culturally,superior,european,countries,reason,poland,took,loads,money,probably,reason,washington,panders,point,alot,people,dislike,jews,entitled,long,dont,demonstrate,dislike,articles,dealing,topic,jews,dont,penalize,people,liking,things,excellency,dealing,things,like,user,perminently,banned
anti-semitism,outta,archangel,white,tiger,words,meow,banned,quoting,torah,excellent,admins,banning,personal,attack,gays,recite,words,banned,saying,holocaust,victims,gays,gypsies,million,people,died,holocaust,jews,statement,angered,accusing,martyrs,concentration,camps,sodomy,greatest,sins,according,bible,testament,tanakh,testament,b’rit,chadashah,messiah,yeshua,elochim,jesus,christ,never,tried,read,pure,actions,anti-semitic,heretic,propaganda,sort,modern,faschism,last,words,outta,recite,bible,reason,banned,surely,confirming,words,leviticus,2013,lies,male,woman,committed,detestable,shall,surely,death,bloodguiltiness,upon,good-bye,nazis,matthew,give,holy,dogs,throw,pearls,swine,trample,feet,turn,tear,pieces
insult,reality,link,lint,racist,group,armenian,grow,children,racism,send,children,genocide,camps,teach,barbarian,turks,making,genocide,dont,believe,please,armenian,user
blood-thirsty,liberal,lynch,mobs,wanted,turn,trayvon,another,emmett,till,kidding,full,intense,hatred,towards,white,people,perp,turns,whitethey,make,white,anyway
nazis,must,fought,everytime
evils,atheism,damn,time,somebody,taught,atheists,medicine,generalize,think,theres,cultural,distinction,atheism,nonbelievers,atheists,tend,enraged,religion,kind,spend,time,elevating,darwin,bemoaning,crusades,nonbelievers,general,someone,whos,raised,christian,believes,bible,allegory,attends,church,funeral,perhaps,christmastime,tend,adopt,whatever,gets,night,philosophy,quiet,matters,faith,sort,like,difference,devout,vegetarian,someone,hates,taste,meat,atheists,proud,hate,something,love,devoutly,hate,christians
sorry,edit,pagei,didnt,know,else,contact,noticed,edited,buddhism,section,since,nicely,taken,site,didnt,take,site,religioustoleranceorg,buddhism,page,non-biased,description,buddhism,good,itif,take,link,aleast,keep,standards,take
funny,first,people,throw,around,possible,motives,always,ones,absolutely,wrong,completely,wrong,guesses,almost,werent,guesses,intentional,deception,pretty,obvious,point,anyone,think,ivins,mossad,asset,carrying,false-flag,operation,jews,pretended,muslim,terrorist,government,pals,wanted,toremovea,certain,muslim,researcher,manufacturing,fear,muslim,terrorism,american,goyim,enthusiastic,letting,slaughtered,wars,israel,thought,soldiers,pathetically,insufficient,body,armors,faulty,rifles,theres,enough,money,goes,ruling,possibility,ivins,zionist,bolshevist,friends,sort,stuff,naturally,lions,sheep,instinctively,another,motive,well,dont,want,enemies,muslims,goyim,standing,around,theyre,developing,sophisticated,biological,weapons,take,entire,races,humans,perhaps,sparing,gods,chosen,master,race,name,jews,real,nazis,along,fools
need,leave,fisherqueen,messagewere,back,well,page,soon,kiddingmaybeyou,never,know,lesbian,friends,merope,cant,call,comment,pearsonal,offence,says,user,page
question,tell,problemwhat,reason,deleting,referenced,updated,informations,ethnic,groups,vojvodina,serbia,retired,serb-killer,arent,youyes,read,user,page,seen,contributions,also,wanted,delete,article,concerning,gross,crimes,kosovo,serbsthe,article,also,fully,referenced,factualbut,shows,monsters,albanians,want,delete,itan,albanian,talk,page,says,crimesit,crime,kill,serb,belong,sick,arei,know,hate,mostfactsthat,deleting,informations,ethnic,groups,live,serbiayou,want,infiltrate,numbersif,serb-killercould,serb-hater,surevery,sadi,could,blocked,back,promise,obviously,banned,writing,thisplease,stop,deleting,texts,write,undo,changes,241358489
lgbt,barnstar,awarded,sir/mam,queer,douche
genius,rickk,would,love,style,know,never,make,formal,complaints,running,fagmom,wrong,need,somebody,smackdown,enemies,away,fantasy,revisionism,edit,faggotry,normalcy,could,ulterior,motive,nothing,gain,lose,thats,right,encourage,systematic,behaviors,gays,whose,profession,peoples,skin,back,bravado,maybe,james,become,famous,know,ellen,degenerate,outed,became,star,vain,sexuality,everything,overrides,focus,constitutional,questions,civil,wars,religious,establishment,pederastic,perverts,hurrah,2425511149
holocaust,needed,whole,humanity
think,particular,editor,ctjf83,possible,stops,retain,image,even,fisting,images,hmmmmm,quite,transparent,photo,getting,fisted,gets,satisfaction,seeing,website,confirmed,homosexual,seems,sick
yeah,days,jews,nasser,al-kharafi
many,types,many,types,bearchubby,bearstocky,bearchubby,gays,wwwbearwwwcom,wwwbear411com,wwwbiggggercitycom\chat
basically,homosexuality,lowers,productivity,natrual,would,make,disorder
jews,keep,trolling,article,merely,trying,cause,problem,werent,always,together,jewish,topics,even,slightly,related,jews,maybe,learn,read,polish,forbid,would,stick,little,whilst,jackasses,wont,stop,ganging,already,threatened,promise
