reply,loser,defines,vietnam,part,southeast,asia,know,vietnam,part,asean,used,part,french,indochina,laos,shit,countries,anyway,culture,always,influenced,chinese,proper,yangtze,chinese,fringe,indigenous,tribes,guangzhou/guangxi,admit,vietnamese,bunch,wannabe,crap,people,east,asian,people,spoken,thinks,vietnam,integral,part,think,youre,backward,dirty,speak,horrible,swearing,language,doesnt,matter,crap,spout,wikipedia,wont,change,people,real,world,think
hebrew,name,lydia,appologies,eulenspiegel,thought,idiots,user,page,indicates,actually,well,struggling,genesis,10יג,וּמִצְרַיִם,יָלַד,אֶת-לוּדִים,וְאֶת-עֲנָמִים,וְאֶת-לְהָבִיםוְאֶת-נַפְתֻּחִיםtab13,mizraim,begot,ludim,anamim,lehabim,naphtuhim,ludim,mitzraim,confused,shem,east,best,wishes,keep,good,work81103121144
stop,stop,redirecting,teddygodzilla,page,list,code,lyoko,episodes,clearly,middle,working,need,patience,dont,give,something,like,enough,time,know,havent,busy,evacuate,hurricane,matter,fact,laptop,charger,decided,fried,small,amount,time,computer,advice,show,patience,find,major,asshole,towards
know,dont,offend,users,jerk,know,correct,dont,angry,20762246166
sorry,must,never,come,across,idiotic,editor,wikipedia,congratulations,making,list,mean,congratulatory,sense,entirely,meant,offend,sound,sarcastic,wouldnt,call,editor,though,youre,pollutant,project,extreme,perversion,perception,please,reread,discussion,talk,page,based,last,posted,painfully,obvious,ignored,comprehend,much,tried,explaining,multiple,times,talk,page
yeah,guys,deleting,potentially,life,saving,information,citing,article,doesnt,look,pretty,real,information,call,nerd,wrong,nice,human,mate,remind,steer,clear,people,like,you12417622645
clearly,smart,build,encyclopedia
know,mean,quote,name,added,vandalize,done,little,punk,thanks,bugman
chesdovi,chesdovi,probably,doesnt,even,speak,hebrew,think,would,dumb,enough,something,obvious,think,really,dumb
like,happy,discuss,going,demand,prove,something,fecking,important,talk,want,along,hide,like,spineless,lefty,want,choice
know,come,across,giant,prick
problem,thinking,creating,another,sockpuppet,anyway,edit,comments,question,contain,link,hate,site,wherein,subject,person,since,none,boobs,anything,despite,informed,repeatedly,take,manners,hands,dont,like,dorothy
personal,attacks,whoever,changed,back,half,done,lazy,comes,stupidity,sorry,stupid,fool,think,mexico,terrirory,confederate,arizona,country
life3,faggit,lyfe,asked,whats,favorite,madoonna,said,first,album,gorgeous,isnt,wish,measurements,34c-29-45,bring,bois,yard,faggit
illness,nothing,time/era,mental,illnesses,reason,society,everyone,narcissistic,disorder,ragheads,think,insane,think,sand-niggers,crazy,ever,heard,einsteins,theory,relativity,think
response,well,thanks,giving,final,warning,usual,appreciation,expanding,articles,site,words,encouragement,hours,spend,fighting,vandalism,crap,crap,edits,could,described,nonconstructive,moron,keep,good,work
picture,page,remain,need,remove,pages,remove,fraud,external,links,make,nigerian,look,like,fraud,artists,request
veteran,editor,youve,around,years,around,twice,reserve,right,flame,no-life,asshats,like,cheers
ryan,griffith,stink
gave,people,sources,still,wasnt,good,enough,moron,lives,nowhere,near,chatham-kent,allowed,edit,entries,city,know,nothing,stop,nonsense,getting
surely,sockpuppetmr,boriquastar,must,sock,puppetis,long,blocked,againfinally,dominican,republic,article,coming,shape
funny,corey,suggests,famous,people,section,moline,historical,signicance,section,funny,guys,probably,tell,confederate,hero,plantation,owner,backwood,gomer,call,person,moline,teeth,obvious,no-good,no-account,yankee,liar,rode,hmmm,funny,joke,racism,isnt,funny,either,page,completely,racist,backward,ignorant,hillbilly,hee-haw,racist
republicansodomite,responded,praise,lord,virgin,homo-know-it-alls,great,mccarthy,like,burn,everybody,agree,stakes,ahead,block,address,better,block,whole,range,address,even,better,block,whole,range,addresses,insult,youre,virgin,faggot,ooops,sorry,virgin,isnt,regular,contact,hairy,friends,220244175139,democratantisodomite
standahl,mousestache,dont,respond,scared,appropriate,federal,agencies,actively,watching,acts
userabd,muslim,scum
convinced,lunatic,really,saying,relationship,societal,views,drug,abuse,laws,enact,govern,drug
thanks,thanks,efforst,lbocked,editnig,past,days,feel,proud,however,piling,lies,lies,wont,help,cause,clearly,quite,delusional,calculating,liar,allowed,edit,wikipedia,leader,council,important,non-leader,indisuptable,fact,choose,ignore,mostly,youre,complete,idiot
vandalism,checked,citations,instead,reverting,much,little,queer,know
launching,next,moth,exist,stop,messaging,people,youre,clueless,dont,know,exist,launching,october,stop,messaging,people,clueless,moron,doesnt,know,google,search,information
amazing,navier–stokes,equations,nonlinear,partial,differential,equations,almost,every,real,situation,exceptions,include,dimensional,flow,creeping,flow,nonlinearity,makes,problems,difficult,impossible,solve,part,cause,turbulence,today,wikipedia,learned,nonlinearity,differential,equations,part,cause,empirically,measurable,turbulence,real,world,tomorrow,going,reverse,gravity,breaking,science,headquarters,putting,minus,symbol,next,little,whoever,wrote,quoted,paragraph,mouth-breathing,idiot,7549223247
slimvirgin,youve,reported,suspected,sockpuppet,slimvirgin,sure,last,long,holocaust,article,make
good,encouragement,however,idiotic,self-centered,many,self-centered,arrogant,people,planet,away,important,people,social,anxiety,disorder,need,help
fromthewolfstar,really,need,poke,nose,peoples,business,correction,bishonen,trusted,admins,emphatically,bishonen,untrusted,admins,feel,trusting,bishonen,would,practical,rewarding,reaching,friendly,rattlesnake,please,check,things,blowing,crap,diarrhea,mouth,also,best,actually,read,people,write,jumping,idiot,bandwagon,first,encounter,leaves,choice,consider,civil,drooling,cretin,part,roving,band,socialist,nazi,drooling,cretins,found,wiki,life,signed,sincerely
wrong,talking,incredibly,ignorant,called,attempts,re-classify,reverted,nice
little,devil,noticed,recently,deleted,sections,talk,page,showing,clearly,wants,manipulate,austrian,school,fractional,reserve,banking,debt-based,monetary,system,check,history,page,major,napolean-complex,suspect,something,small,side,hope,height
link,useful,idiot,would,seem,decidedly,non-neutral,point,view,unless,anyone,objects,soon,remove
emphasis,also,boas,conclude,anthropologists,obligation,speak,social,issues,boas,especially,concerned,racial,inequality,demonstrated,biological,origin,rather,social,boas,credited,first,scientist,publish,idea,peopleincluding,white,african-americans—are,equal,much,scientist,idiot,wrote,scientist,said,equal,advice,slrubenstein,make,less,ridiculous,need,thank
christianity,good,come,convert,dalits,cant,convert,people,brains,right,christians,dont,brains
much,doubt,describe,undoubted,vandal,uservintagekits,editing,good,faith,ignore,stupid,admins
also,depite,wether,contention,minor,eyes,decide,contend,would,able,analysis,supplied,pinski,drops,pawn,stupid,dont,capacity,move,tactics,cure,stupidity,open,mind,promotion,refuted,line,decieves,everyone,visits,page
hello,wondering,much,time,spend,re-editing,pages,wikipedia,seems,mighty,pathetic,seems,like,enjoy,ruining,good,joke,kisses,cuddles,chris,lamb
regarding,people,glass,houses,comment,bias,yank,retarded6225223427
cant,girl,ugly,ugly,awkward,much,failure,bookmarked,user,page,youll,hearing,regularly,ugly,guess,wont,able,hide,life,wikipedia,anymore
decausa,decausa,idiot,talking,origin,kurds,since,kurds,heterogeneous,people,used,statement,need,read,wrote,thoroughly,wikipedia,full,crap,gave,many,links,statement,joshs,page,know,writing,facts,asked,writing,talk,page,wikipedia,even,refers,kurdish,language,languageswhich,even,make,sense,kurd,know,talking,please,give,least,reliable,sources,refers,kurdish,language,languages,facts,wrote,kurdish,language,even,seen,wikipedia,information,studied,using,information,nowhere,fact,people,allow,change,information,create,problems,even,allow,anybody,look,proposal,jumped,posted,proposal,hours
july,2006,address,warned,since,dont,know,sure,person,first,warning,like,said,youre,dumb,2044
much,right,world,woken,nothing,two-bit,huckster,perpetrating,giant,fraud,give,regards,boys,east,anglia
care,second-hander
know,live,fool,lold
bottom,pages,says,something,effect,haha,beep,dumb,haha
getting,sick,tired,scientifically,ignorant,emotionally,weak,people,pretending,give,damn,accuracy,wikipedia,buildings,dont,collapse,free,fall,speed,anything,controlled,demolition,wiki,people,causing,nothing,trouble,months,years,preventing,truth,coming,dont,mongo,harrison,morton,idiots,work,whitehouse,dare,issue,warning,issuing,warning,back,care,freedom,whatever,left,back,already
randolphs,real,name,charles,satterfield,clear,psychopath
agnes,nitt,respect,said,agnes,nitt,greasy,bastard,innit,mean,knob,give,hard,time
reason,excellent,editors,leave,reasoned,fully,explained,perfectly,valid,edits,opposed,pigheaded,people,personal,motives,case,response,inclusion,photos,purely,hominem,reasonable,explanation,given,puerile,boringly,repetitive,name,calling,curious,another,white,editor,weighed,supported,inclusion,photograph,white,woman,gonna,call,racist,scum,seems,shrill,incivil,criticism,edit,based,solely,ethnic,identity,contributor,racism
called,intelligent,people,think,bush,tyrant,intelligent,discussion,page,allowed,call,belfonte,moron
come,closet,jewboy
agree,baseball,bugs,real,jerk
agree,opinion,ignorant,person,like,expert,dyer,cant,called,expert,talk,contribs
really,deeply,ignorant,person,offend,someone,surprised,person,offends,would,канбера,offensive,would,would,pleasure,civilized,would,anyway,proposition,ancestors,actual,media,companies,change,official,name,ignorant,pieces,ignorance,choice,convince,dont,want,dont,time,useless,activity,unfortunately,cure,ignorant,creatures,like,ancestors
insulted,write,comment,talk,page,nonsence,vandalising,insulted,greatly,jimbo,wales,computer,reposible,cannot,acuse,without,prove
know,pathetic,look,silly,little,crusade,removing,england,english,articles,grow,find,something,better,life
ignore,case
gareth,hughes,nothing,anti-semite,hates,assyrians,worse,hitler,least,hitler,accepted,jews,existed,gareth,hughes,trying,destroy,assyrian,existence,wikipedia,allows,disgrace,anti-semites
german,european,fool,private,datas,property,individual,person,want,force,somebody,open,personal,datas,violation,german,data,protection
black,sabbath,dont,undo,revision,black,sabbath,page,thanks,youre,making,page,complete,mess,false,information,sick,clean,crap,knock,sabbath,heavy,metal,toni,iommi,stated,hard/heavy,rock,heavy,metal,besides,fact,moron,hear,difference,undo,revision,revert,back,stop,thinking,know,brought,bands,know,exactly,genres
album,wikipedias,choice,reliable,sources,retarded
theyre,head,take,haloperidol,aluminum,foil,helmet,like,good
religious,conversion,come,refernce,current,article,converting,islam,arien,brotherhood,beforewho,removed,thought,thing,muslim,stop,bigot,back,article,altering,bastards
take,look,page,now-,actual,douche,named,hartung,secondary,stalker,since,january,deleted,changes,even,though,accurate,well,sourced,back,tomorrow,make,sure,know,worthless,also,stooges,send,spam,maybe,even,state,loser,gives,douche,right,touch,page,decide,relevant,nothing,brad
heres,said,2307,2005,rama,blocked,198742074,expires,2307,2005,contribs,personal,insults,really,must,idiotic,real,nice,insult,user,banned,blocking
guess,dont,anything,better,must,lonely,sitting,parents,basement,alone,still,virgin,maybe,instead,stalking,girlfriendsomething,stop,stalking,please,1004027236
outlawed,apothecary,evidence,example,montepukes,plague,nostradamus,plague,survived,fought,doctor,qualified,rich,level,intelligencia,thus,called,cowards,lemon,head,uses,attack,please,hurt,complaint,fact,lives,page,resale,department,books,changing,narrations,idea,says,common,least,wilson,showed,lemonhead,liar
thought,couldnt,possibly,dumber661777386
instead,blatant,censorship,bunch,ignorant,bigots
{{unblock|hello,writing,request,duly,unblock,address,editing,wikipedia,unfortunately,stuck,class,room,full,imbeciles,preventing,editing,pages,benefit,fellow,wikipedians,please,punish,cretinism,peers,undue,great,injustice,vive,resistance
rock,critics,morons,everyone,knows,however,reason,ashamed,especially,statement,followed,evidence,record,sales,million,albums,proof,queen,outselling,beatles,everyone,reading,going,right,away,critics,like,idiotic,garage,bands,know,three,chords,must,wrong,time,important,page,read,much,like,page,portion,sentence,feel,free,make,sound,less,harsh,though
dude,deleting,articles,bloody,right,would,like,power,freak,come,hiding,behind,computer,screen
retarded,cats,pqarakeets,asian,needs,lots,rice
read,userboxes,userpage,frankly,revolted,appear,disgusting,specimen,gladly,misery,8671855
september,2014,opinion,quit,acting,like,aspie,retard,0013
please,read,dean,jameson,called
lcistudent,likes,friday,whatever,information,want,schools,website,noooooooooooooooob,thank
correct,said,manis,former,coke,user,incident,challenged,kids,fight,fact,article,makes,scumbag
think,admin,like,block,think,accusing,vandalism,made,accusing,dubious,unsourced,content,everything,references,accusing,unnecessary,external,links,wikipedia,yourpedia,removing,images,people,wouldnt,many,wikipedians,among,lawmakers,throughout,world,thats,live,prison,arogancy,come,nowhere,start,edit,something,havent,made,havent,checked,someone,like,made,admin,hero,moves,another,hell,think,little,editors,anti-vandalism,heros,like,roam,around,search,next,expert-tag,page,create,play,score,meantime,thay,something,creative,like,apologized,type,excellent,live,isnt,little,food,without,youre,dead,youre,nobody,useful,readers,arrogant,child,useless,wikipedia,readers,someone,brakes,essence,wikipedia,free,enciclopedia,please,stop,please,stop,attacking,editors,blocked,editing,please,please,would,hide,abomination,please,stop,attacking,editors,really,interesting,guilty,always,protecting,know,would,come,dont,make,first,move,attack,best,defence,credos,pseudo-intellectuals,immatures,like,disgustingly,simple,nobody,cant,block,someone,gave,keys,house,uncorrupted,admin,takes,side,youll,give,little,fight,youll,stand,like,puppy,hero,nobody,youre,even,real,employee,wikipedia,youre,thousands,underaged,therms,mind,even,wannabes,youre,joke,jimmy,wales,tissue,making,money,youre,joke,even,knew,many,people,like,notice,stay,quiet,want,part,herd,looks,like,youre,joke,people,like,picture,little,trying,feel,counts,something,grab,cigar,might,start,looking,like,adult,enjoy,power,behind,screen,pray,never,meet
correctionperson,okay,lying,bullying,vandalizing,defacing,reason,removing,content,added,sourced,references,scum
smartass,read,introduction,editing
please,remove,input,violates,wppreserve,wpvandalism,wpnotcensored,also,please,stop,idiot,americans,offending,rest,world,backward,biased,distorted,views,force,upon,like,articles,title824110797
never,made,personal,attack,generalised,americans,dumb,american,took,personally,make,personal,attck,also,reverts,violate,edit,warring,actually,breaking,rules,finnally,wont,qualms,chaging,coming,right,back9416819375
hard,headed,reverting,edits,youve,article,stinks,worse,spoiled,cabbage,insist
thousands,kebron,pamela,jones,bruce,still,paying,libeling,people,online,stalking,network,forensics,might,want,wonder,someone,owns,security,company,harrasign,wikipedia,could,monitoring,wikipedia,really,stupid
acts,vandalism,iran-iraq,article,reverted,hereby,warned,stop,destroying,body,knowledge,site,alas,lives,like,worthless,hopeless,extreme,understand,knowledge,means,lackey,saddam,survived
best,apologize,idiots,wikipediots,ruined,project,blocked,goodness
follow,rules,loser
serious,stuff,sherlock,holms,sidekick,watson,camping,dark,clear,moonless,night,middle,night,watson,suddenly,perhaps,even,indignantly,awakened,famed,detective,says,watson,look,night,tell,deduce,watson,rubbing,eyes,moment,responds,saying,well,stars,countless,stars,even,milky,galaxy,stars,clearly,naked,small,fraction,total,number,stars,logical,deduction,likely,countless,cannot,small,percentage,stars,planets,small,portion,would,contain,solar,systems,like,stars,even,small,portion,contain,planets,similar,capability,house,life,living,planets,encircling,stars,able,house,intelligent,life,would,forced,conclude,logical,inference,countless,stars,around,circle,planets,like,housing,intelligent,sentient,life,forms,perhaps,unlike,even,right,watson,listened,long,winded,diatribe,patience,finally,albowed,watson,hard,exclaimed,idiot,watson,somebody,stole,tent
cant,seriously,never,even,know,banned,assume,september,iluvteletubbies,ever,forgive,mortal,enimy,entern,look,copper,enimes,supposed,cause,saved,copper,want,save,bear,like,something,youre,willing,forgive,willing,forgive,never,happen,stink,learn,please,7423035110
first,people,cant,even,take,smart-ass,joke,favourite,characters,dont,mind,screwing,pages,people,hate,ginyu,force,dont,pages,even,went,bother,shortening,descriptions,make,easier,pointless,expected,immature,villain-haters,like,fact,pages,originally,ginyu,force,characters,listed,wonder,came,along,took,away
comma,deleting,nigga
well,tell,learn,cover,people,maybe,wake,disrespect,trash,like,brown
space,broken,refuse,work,full,stops,moron
jatts,delhi,villagers,castes,portraying,jatts
decide,offensive,ukrainians,residents,kyiv,mind,powerful,charge,ignorance,tenderly,bear,throughout,life,share,normal,people,wikipedia
fail,life,221220188146
reply,comment,always,comes,stupid,americans,cannot,visualise,world,outside,borders
worth,effort,arguing,like,viriditas,pename,hours,really,means,half,hours,four,reverts,hours,violating,spirit,three,revert,hour,rule,interpreted,tough,needs,rules,make,along,want,call,discretion,violate,rules,blocking,claim,violated,spirit,rule,violation,debatable,like,occupied,territories,disputed,abusing,authority,push,petty,authoritarian,agenda,obviously,reflects,personal,insecurities,think,threaten,bully,guess,wont,reverting,quickly,future,weasel,please,ahead,contribute,petty,complaints,dont,bother,wasting,time,project,populated,immature,arrogant,twerps,fascist,zionist,bigots,islamophobe,hate-mongers,bunch,lameass,bigots,losers,waste,time,0748,2004
defamatory,comments,made,none,nothing,said,slanderous,libelous,guess,vialation,civility,however,removal,post,reasons,slanderous,outright,censorship,hope,enjoy,hollow,shallow,life94168210205
rename,fyrom,republic,skopje,please,rename,site,fyrom,republic,skopje,erradicate,bastards,want
well,cant,risk,blocked,thus,version,article,reverted,course,youre,amused,misdirection,importantly,youve,dodged,addressing,scientific,points,also,like,predictable,troll,took,mispeling,bait,overlooking,correctly,spelled,version,earlier,sentence,went,bloviated,hoping,futile,misdirection,would,stick,well,something,sticks,thats,sure,course,follow,diaply,immense,knowledge,procedures,doubt,trolling,barn,fish,head,-whack,whatever,course,tolerance,amusement,advise,complicity,fantasy,slam,remarks,attests,overblown,view,delusions,skill,rightly,dividing,worth,worthless,reward,time,spent,avail,gets,speed,deleted,reverted,arrogance,demonstrated,comes,around,goes,around,carry,fool,youngins,need,sterling,example,blowhard,editor,like,realize,steer,clear,time-wasting,task,exercise,self-delusion/power,tripping
hullaballoo,wolfowitz,concern,reasons,gave,removing,clarifications,completely,nonsensical,even,removed,point,claiming,section,even,lets,chase,jewish,agenda,keep,jewish,interests,illegally,obtained,land,international,standards,away,wikipedia,pages,masses,whole,right,regardless,least,accurate,going,start,attacking,someone,selfish,reasons,look,like,idiot,next,time,anyone,takes,seconds,look,please,communicate,directly,next,time,outwardly,hostile,door,always,open,thanks,good
another,stupid,person,considers,leaving,warning,message,harassment,speaks,degeneracy,wikipedia,simpletons,moderation,powers
nazi,sean,hoyland,vandalized,pages
words,reliable,sources,reliable,sources,vandal,ergo
dear,josiah,random,blaggards,named,bastin,john,carter,repeatedly,vandalized,page,solemnly,think,needs,stop,keep,insulting,intelligence,heard,good,administrator,helps,people,best,help,block,fools,immediately,lots,love,bless,12th,doctor
silly,email,like,wikijews
wanted,know,youre,worthless,make,changes,lethbridge,collegiate,institute,article,probably,arent,even,canadian,think,remove,something,important,history,unfathomable,would,make,happy,killed,sometime,today,tomorrow,longer,needed,wikipedia,thank,time
means,must,brain,disease,make,articles,fictional,sponge
sheer,mongolic/asiatic,barbarity,mena
doesnt,matter,think,retarded,antisemite,im-a,throw,front,sixteen-wheeler,grill,covered,razor,wire,video-tape,people,find,lone,tripod,side,road,video,think,lulzy,youtube,posterity,thats,last,post,williamh,sorry,wasting,time,everyone,else,search,antisemite,truck,days,wait,wait,wait,wait,wait,wait,wait,wait,wait,wait,wait,okay
shove,self-important,moron,site,curated,pretentious,twats,inane,biases,useless,research,tool,living,archive,people,already,sneer,wikipedia,distrust,increase,wikipedias,growing,detachment,reality,adherence,nonsensical,bureaucratic,procedures,idiot,ghcool,simple,propagandist,defended,utterly,ridiculous,defy,belief,idea,peoples,contributions,equal,utterly,insipid,wikipedia,long,pissing,contest,among,people’s,different,biases,hangups,also,member,israeli,hasbarah,brigade,like,ghcool,24224214165
coward
admit,reason,disagree,anything,obsessed,troll,whose,sole,agenda,causing,discord
pothead,colscott,genious
bold,textthe,many,constructive,editors,article,made,interesting,additions,corrected,typos,article,contains,background,lake’s,general,area,muskoka,haliburton,article,done,wikiproject,lakes,article,something,constructive,contribute,project,suggest,meantime,nothing,vandalbold,text
isnt,1998,stop,using,font,element,fool
watch,foul,mouth,madam,innuendo,indeed,blocked,less
youre,imbecile,didnt,even,play,game,dont,know,youre,talking,record,canon,scenario,resident,evil,mixture,scenarios,play,resident,evil,forever,200155860269744afe2bf9b1e3dd9
accurate,redirect,hope,church,catches,fire,razed,ground,twisted,deamons,part,cult,sickos,friggin,children,promote,messages,hell
husband,still,alive,must,friend,live,neighbor,delusion,maniac,must,0329,february,2007
aquaman,stupid,loser,article,needs,detail,aquaman,loser,dont,care,fanboys,dude,traces,living,powerful,people,know,aquaman,loser,superfriends,talks,fish,cant,ever,date
destroy,first,webpage,hello,mate,thank,destroying,deletedin,fedreal,golf,course,reason,dont,like,newbie,really,hate,dont,like,newbie,people,dont,like,like,deleteing,everboody,webpast,stupid,going,complant,head,boss,stupid,people
case,connolley,deletes,message,sent,copy,request,unblock,talk,page,immediately,permanently,delete,contents,free,permanently,block,contributing,wikipedia,intention,case,would,like,reason,block,prove,violated,rules,need,preserve,talk,page,another,deliberate,intentionally,provocative,violation,rules,old-school,personal,insult,loathsome,sanctimonious,hypocritical,ignorant,twit,state,uncontrolled,combustion,would,take,trouble,extinguish,flames,urinating,hope,satisfactory,trick
march,2007,vandal,clefify,things,19th,century,ilija,garasanin,rest,serb,goverment,time,formed,program,called,nacertanije,plan,realize,plan,great,serbia,ruins,ottoman,empire,state,would,rulled,serbs,others,would,subjected,muslimsof,ethnicity,would,distroyedby,genocide,sense,it´s,called,army,chetnik,selfs,chetniks,ideologywhich,fashist,chetnik,any1,follows,chetnik,plan,failed,untill,1918,serbs,managed,create,slavic,kingdom,actually,ment,become,serb,kingdom,time,shown,wwii,chetniks,allied,nazis,commited,genocide,death,tito,chetniks,ressurected,tried,everyting,ones,failed,thank,chetnik,propaganda,used,make,serbs,think,right,foole,everybothy,else,propaganda,includes,showing,bosnia,serb,state,bosniaks,serbs,spreding,islamophobia,anti-bosniak,settlment,presenting,serbs,victoms,site,enough,open,ain´t,nobody,don´t,proove,anything,don´t,either,stupid,chetnik,self,1559
super-double,covert,files,wiki-police,type,youre,gosh-darned,whackjob,looked,edit,obvious,joker,rock,lobster/family,thing,made,mind,whether,donate,wikipedia,love,wikipedia,concept,youre,example,typical,user,cant,believe,resorted,every,conceivable,argument,keep,well-attested,fact,pop-culture,page,pathetic,care,much,song,mere,mention,stupid,show,like,family,requires,spend,hours,hours,trying,keep,information,wikipedia,page,hope,fingers,fall,find,something,better,edit,wiki,pages
hello,noticed,youve,refused,apologise,vile,censorship,motivates,fascists,like,exactly,think,youre,despicable,person,website,would,better,without,please,leave,weirdo
{{caution|jimbo,wales,wikipedia,staff,well,known,pedophiles
actually,cockroach,followed,notice,board,repeatedly,comes,back,revert,written,fyi20716123245
taysia,taysia-,word,meaning,beautiful,creative,best,friend,world,juss,another,reason,somone,school,juss,anyone,doesnt,like,likely,theyre,either,mental,idiotic,maybe,inner,outer,beauty,much,grasp
dont,vandalize,please,reversion,edits,constitutes,vandalism,wasnt,vandalizing,please,dont,banned,also,wife,black,latina,doesnt,mean,need,start,braggin,place,marry,love,black,latina,racist,coward,2161027654
actions,please,leave,defend,jerks,revenger,delete,images,without,reason,talk
intro,whos,idiot,talks,blue,armbands,everyone,knows,theyre,yellow,photograph,case,youre,wondering,yellow,color,yellow,jersey,tour,france,also,quite,possible,lance,survived,pneumonia,seems,slightly,important,survived,cancer
blackouts,sorry,policy,seems,really,idiotic,like,punishing,city,selling,stadium,wouldnt,prerogative,team,owner,also,havent,riots,sort,thing,team,playing,saying,sorry,douchebags,wouldnt,surprised,kind,mass,protest,flare
block,page,says,page,goes,someone,power,corrupt,idiots,stop,stalking
bunch,nerds,711153186
really,block,waiting,clearly,type,trash,buddy,jamesbwatson,haha,shows,kind,trashy,domain,glad,came,showed,users
four,neo-con,revisionists,refuse,believe,conrad,black,prison,fraud,millions,people,realize,conrad,black,convicted,fraud,prison,four,clowns,probably,believe,holocaust,never,happened,well,certain,four,editors,agree,lotperhaps,work,revising,article,liking,well
overly,apolegetic,muslims,looks,like,pakistani,sock,puppets,active,guess,done,mukhtaran
nuts,legitimate,commercial,software,package,used,feature,films,commercials,video,games,deserve,wikipedia,entry,boothill,footappers,band,nobody,outside,ever,even,heard,serious,people,like,authority,decide,wikipedia,unfamiliar,something,render,irrelevant,grow
hope,youll,grow,someone,like,gets,wikipedia,till,feel,free,play,moronic,tricks
kind,freak,keeps,obsessive,stalkerish,lists,people,posting,favour,someones,innocence,dirty,little,basement,dwelling,creep,thats,10914567105
cyberstalking,since,deny,sock,puppet,easy,nazi,around,putting,proverbial,yellow,badge,markings,jlambert/nandesuka/ehheh/ronz,cyberstalking
lonely,outside,make,friend,youve,seen,moms,basement,offer
hindu,vandal,confirment,upper,caste,hindu,vandal,morally,corrupt,must,bhramin,confirmed,sock,puppeteer,going,around,another,user,name,netaji
space,period,bucket,head,suck,much,carbon,monoxide,20769139142
reply,kingdom2,reiterate,garage,rock,influence,punk,music,dont,care,long,haired,anti-punk,hippie,cobain,quoted,saying,youre,going,depend,grunge,history,contradict,punks,quote,hippie,part,movement,helped,bring,punk,makes,sense,going,provide,plenty,quote,time,comes,vastly,overshadow,quotes,godamn,better,re-edit,banned,done,damn,happy,idiot,cobain,died,nothing,punk,bury,using,stupid,american,grunge,music,lame,americans,dont,know,anything,taste,style,fashion,music
courtesy,phenomenon,already,procured,arrest,record
important,information,friggin,hypocrite,leaving,husband,young,kids,young,shes,christian,real,sinner,doubt,doesnt,country,music
pakis,ugliest,individuals,earth,mean,case,pseudo-intellectual,frustrated,pakisits,easy,suppress,pakis,repeated,coups,tells,uspoverty,individual,lost,honourlike,know,afganistan,poor,country,able,expel,soviets,couragebut,case,pakisas,breed,forced,change,religion,half,millenium,muslims,others,confronted,zeal,able,save,honourthe,policy,bleeding,india,cuts,pakis,adopted,face,saving,lost,india,1971,90000,pakistani,soldiers,dropped,pants,front,worldpakis,fate,written,wall,read,accept
lmao,male,nurse
michael,wisner,idiot,maybe,removed,useful,processooops,back,case,actual,reftiptoes,room,round
youre,hypocrite,liar,merely,thinking,dont,release,sheltered,wikipedia,policy-bound,cocoon,floor
little,worm,escalate,pray,pray,hard,want,take,outside,wiki,pedia,little,time,anywhere,little,coward,hiding,like,little,fiddler
think,youre,saying,boils,higher,percentage,white,people,good,sense,contraception,babydaddy,connection,sunlight,calcium,black,women,higher,abortion,rate,white,women,africa,never,asia,sorry,suck,school,grade
sorry,tajik,answer,need,@alishah,pakis,taliban,khar-wal,visit,link,http//wwwshamalionlinecom/,read,entire,history,book,great,bache,saqau,whos,nobility,reached,zenite,human-beeing,hardcore,muslim,backed,hardcore,muslimsbut,pashtuns,stopped,actions,pashtun,jews,played,important,role,reign,padarnalat,pedram,sahib,called,amanullah,succes,wasn´t,jailed,murders,thiefes,rapers,criminals,drug-sellers,pashtun,prostitutes,also,bitches,pashtun,royal,house,including,sister,pashtun,wife,affairs,5men,time,many,month,dombdars,couldn´t,6000,years,history,stupid,losers845920275
unfortunate,insulted,intentions,clear,enough,know,either,lying,stupid,although,youre,nearly,obvious,baseball,card,seem,concerned,articles,answering,simple,questions,impatience,bearable,lying,especially,silly,thing,isnt,reasonable,honestly,willing,neither,care,reason,involved,case,neglected,lost,much,good
arent,well,people,care,degree,wikia,much,better,detailed,articles,dont,idiot,martians,cannot,verified,exist,reverting,anyone,else,writes,even,proves,769566209
seriously,though,grow,flooding,user,page,hundreds,question,marks,saying,byes,certainly,proves,immature,child,byes
humped,shadw,jams
leaving,message,maggot,vandalising
bill,dont,find,un-edits,gender-based,attack,largely,concerned,content,article,wonder,much,opposition,small,edit,surely,cant,mean,much,dont,want,make,derogatory,comments,nothing,dont,enjoy,tearing,people,mention,term,well-referenced,prefer,statements,well-referenced,dont,think,particular,statment,well-referenced,furthermore,dont,think,well-referenced,dont,think,true,wonder,authors,neutrality,wikipedia,articles,supposed,neutral,well-edited,statement,neither,dont,want,article,deleted,either,think,serves,useful,purpose,enjoyed,reading,want,away,particular,sentence,course,find,evidence,american,women,materialistic,sluts,problem,pretty,sure,whoever,wrote,confusing,personal,opinion,universal,truth,cheers
stop,trying,become,admin,asshole,block,never,become,admin,type,record,keep,wasting,time,since,nothing,better,24/7,must,smell,like,sock,since,sure,havent,showered,weeks,since,youre,24/7
find,logical,wish,someone,ancestors,soon,possible,insistently,consistently,consciously,offends,please,make,world,better,without,ignorance
congrats,google,skills,digging,comments,made,soccer,website,grow,crawl,back,black
another,little,hitler,decides,disgrace,nothing,usual,bullying,thug,decides,spring,nowhere,vinditice,said,lots,moderators,little,hitlers,stand,eachother,else,bully,remove,reply,bully,usaul,another,smug,bully,spleasyre,trying,keep,someone,imagine,prbaly,worst,ottal,nightmare,dont,tell,civil,someone,bbans,yiou,bully,clam,user,page,bullying,thug,troll
mate,need,behave,stop,tosser
pains,heart,find,wikepedia,evidently,mainly,male,community,usual,sexism,comes,territory,chins,teeth,clothing,questions,taste,future,wikipedia,debates,might,bring,argument,youre,male-chauvinist,sexist,biggots
kids,nothing,better,play,wiki,wars,assure,scum,earth,deal,time,coming
ashley,tisdale,hippoh
rosa,grandiosity,simply,colossal,narcissistic,personality,disorder
user,failed,sign,ignorant,term,nascent,hydrogen,respectable,scientific,history,used,quacks,addition,labeling,reverts,vandalism,edit,summaries,uncivil,least,ignored
thejps,totally,crooked,she/he,marked,contributions,deletion,real,sore,loser,chick/guy,tried,battle,wits,armed,peanut,upset,tried,delete,contributions,site,guys,like,know,complaints,made,her/him,real,bitter,person,stand,thejps
jim1138,move,mouse,delete,button,think,arrogant,neckbeard,freak,take,others,said,happy,deletions,righteous,work,edits,revert,back,previous,forms,stating,need,viable,evidence,back,keep,decisions,uniform,hard
edit,dawnseeker2000,talk,pages,sock,puppet,seem,work,together,much,5134117171
back,caring,block,really,show,idiocy,admin,incorrectly,accusing,vandalism,wasnt,even,intelligent,enough,read,conversation,abusive,vandalistic,liar,comment,didnt,warn,never,mind,block,user,lied,actions,verbally,abused,edits,attacked,faith,cruel,unecessary,manner,actually,vandalised,page,push,across,expert,idiocy,timvickers,isnt,idiot,dont,know,please,block,right,thing,apply,rules,equally,pathetic,excuse,admin,gone,caring,embarassed,havent,actually,fairly,blocked,actions,wanted,blocked,seen,comments,lead,imbecile
human,mind,firstly,relies,assumption,human,mind,central,nervous,system,governed,physical,laws,come,surely,doesnt,need,said,anyone,reasonable,grip,reality,surely,dismisses,mind/body,dualism,fervant,bible,thumper,would,feel,need,course,worryingly,massive,distribution,religious,fools,world,wouldnt,suprise,weak,stupid,member,fraternity,self,delusion,managed,infiltrate,temple,knowledge,idiots,like,dont,deserve,literate,sense,read,dismissed,anything,write,pollution
revelation,question,mother,nigger,would,explain,alot,ssing
want,feel,important,added,must,friend,editor,feel,facts,present,articles,sound,like,smart,editor,last,1810,august,2006,piston,honda,talk,contribs,facts,belong,article,last,1807,august,2006,playnine9,talk,contribs,fact,thats,belongs,explain,doesnt,belong,facts,belong,moron,hondas,slow
thats,wrong,also,spoke,david,hayter,voice,docbengal,didnt,understand,andrew,anthony,voice,commercials-,thats,also,says,right,article,line,commercials,game,game,daivd,hayter,voice,game,even,credits,game,someone,esle,pretty,funny,people,idiots,think,rough,information,take,done
since,wikipedia,become,ever,since,gene,hackman,high,school
dont,really,friends,daniel,suspect,missed,prefect,school,no-one,liked,paid,attention,compensating,pity,people,devalue,sites,like,information,parents,look,school,entries,wikipedia,want,warts-and-all,insight,send,kids,glossed-over,promotion,want,know,pranks,kids,past,make,conclusions,small-minded,maggots,like,determine,freedom,information,freedom,information,might,quote,wprs,wpsock,fail,note,guidelines,wpnotpromotion,wpcensor,wpburo,wpnotbattleetc,obviously,nothing,better,time,play,hall,monitor,leave,little,control-freak,existence,thank,kids,left,school,reach,nasty,little,mind
still,coward,reverting,doesnt,revert,cause
dick,head,josé,eduardo,santos,seems,problem,friend,santos
documentary,fire,nikita,said,much,million,bandits,died,youtube,fire,documentary,stalin,killed,generals,colonels,shouldnt,important,fact,mentioned,insane,dictator,stalin
unblock-he,pompous
cant,talk,talk,page,good,know,thanks,congratulations,prize,wanker
hilarious,consider,pleasure,school,gave,qualification,english,ping
regards,lcistudent,blocking,worthless,mrfriday,didpise
yeah,could,farix,know,wikipedia,place,information,subjects,place,jerk,prevent,people,adding,stuff,list,bakugan,nothing,wrong,writers,guide,fiction,jeez,time,look,gets,youyoure,nerd,living,friends,omnigan
obessed,cause,cant,grow,year,old21030227
yopu,smell,like,fish
primitive,nursery,school,betray,tiptoety,childish,primitive,attempts
collectonian,dangerous,vandal,wikipedia,made,fact,presents,pitiful,mask,self-righteousness,fools,feeble-minded,justice,world,would,blocked,like,laughable,fact,remains,jimbo,wales,weak-minded,political,puppet,control,bootlickers,comprise,called,board,trustees,live,luxury,leaving,wikipedia,so-called,government,vandals,court,jesters,like,collectonian,19481339
hello,head
obama,write,hack,obama,write,load,think,wakopedia,owned,george,soros,secretively,wants,obama,hack,surprised,wakopedia,didnt,still,tell,anti-muslim,video,fact,obama,made,deal,muslim,pals,muslim,brotherhood,kidnap,stevens,would,forced,trade,blind,sheikh,stevens,raped,killed,instead,obama,would,rather,america,know,incompetent,scumbag,know,truth,ahead,delete,truth,since,wakopedia,lies,coverup,maybe,time,protect,want,lover,obama69149753
also,person,reverted,link,existing,image,think,tagged,page,reverted,edits,think,simply,pedantic,jerk,sorry,actions,made,wikipedia,worse,pretty,sure,violated,wikipedia,policy
cowardly,kraut,german
obese,thinking,editing,obesity,article,unsure,start,thought,youre,overweight,possibly,morbid,obesity,could,make,suggestions
times,crime,warnings,block,second,time,called,vandal,idiots,werent,constantly,vandalizing,articles,removing,factual,information,whim,none,would,taking,place,said,elsewhere,wikipedia,gotten,reputation,whimsical,reverting,idiots,constantly,going,things,read,doubt,youll,block,posting,even,page,either,re-instate,block,idiots,well,matter,expect,someone,talk,vandalizing,peoples,factual,information,9913922487
harassment,occurred,clearly,crack,judging,levels,retardation,probably,yank
paranoid,comments,talk,page==,ahead,call,cops,theyll,laugh,love,hear,conversation,call,cops,theyll,treat,youre,insane,wont,investigate,anything,like,youre,talking,apparently,dont,know,much,courts,police,work,like,physical,suspects,question,arrest,police,investigate,even,serious,death,threats,state,responsibility,dont,know,police,organization,would,take,time,investigate,death,threat,anonymous,internet,police,called,death,threats,theyll,often,tell,wait,person,making,death,threat,shows,call,apparently,need,psychiatric,help,know,seriously,unbalanced,personality,restoring,information,nipple,slip,ruined,perfectly,good,encyclopedic,article,turned,trashy,supermarket,tabloid,congratulations,youre,worst,editors,youre,probably,headed,permanent,block,dont,post,comments,talk,page,deleted,positive,things,positive,contributions,make,need,clean,leave,wikipedia,nobody,needs,wants,editors,like,archive,talk,long,also,read,wplegal,youve,violated,permanently,banned,mindy,kaling,stalker,assertion,absurd,shes,fellow,alum,dartmouth,college,tend,look
apologies,school,used,everyone,even,idiots,want,vandalize,wikipedia,without,thought,everyone,else,apologies
hear,somchai,cracker,wikipedia,caught,racist,swindle,using,word,islamism,nothing,wrong,wanting,delete,page,-that,censorship,respect,encyclopedic,knowledge,whereas,worshiper,authority,want,kiss,white,scum,anti-muslim,pro-war,intellectual,nobodies,want,turn,wikipedia,national,enquirer,kind,british,tabloid,wont,stand,dont,bother,coming,back,simple,anti-semitic,pseudo-journalistic,charlatan,july,2014
loser,life,time,reset,woot
also,found,names,sever,like,supa,chilla,alllittle,gonden,snub,nosed,maunkey
well,sold-out,hookers,shill,pharmaceutical,industry,deleted,reference,biopsychiatry,controversy,allegedly,obscure,anti-psychiatry,book,however,prevent,pointing,vested,interests,psychiatry,industry,policing,wikipedia,protecting,wealth,removing,legitimate,references,articles,coward,didnt,even,courage,identify
using,incredibly,simple,logic,hopkins,cant,champion,didnt,pick,belts,youre,resorting,making,rubbish,saying,jones,unified,meaningless,paper,titles,sure,hell,didnt,hopkins,possesion,know,nothing,boxing,history,politics,youre,simple,minded,idiot,whos,wasting,peoples,time,wikipedia,lock,pages,good
something,needs,added,friggin,hypocrite,leaving,husband,young,kids,young,shes,christian,real,sinner,doubt,doesnt,country,music,funny,christians,like,miss,holier,thou,comes,music,rakes,dough,praising,personal,conduct,leaving,family,three,young,kids,hell,logic,serial,killer,lynch,black,people,still,heaven,long,admit,youre,sinner,someone,like,gandhi,buddha,straight,hell,great,theology,folks
give,break,give,break,admin,trying,talk,dude,delete,message,talk,page,dont,leave,decide,whats,deleted,messages,asked,deletes,things,speedily,using,sounding,software,called,huggle,whats,matter,wikipedia,lovers,robots,something,wikipedia,seems,taken,control,lives,post,reverted,using,huggle,twinkle,something,like,youll,issue,stern,warning,make,unconstructive,edits,pive,pillars,wikipedia,youll,block,listen,stop,robot,become,human,change,chair,think,little
trust,really,really,****
list,least,informed,abusive,imbeciles,editing,site,dionyseus,ryan,delaney,aitias,fred,bauder
neubius,ridiculous,grotesque,speidels,scapegoating,rommel,fully,described,ralf,georg,reuths,book,rommel,legend,insist,deleting,uncomfortable,truth,serpentine,operator,turned,post-war,german,idol,insert,nonsense,stülpnagel,screaming,rommels,name,torture,could,possibly,basis,shudder,think,sources,holding,seanses,july,conspirators,truely,exquisite,claim,speidels,linchpin,conspiracy,cast,suspicion,rommel,neubius,speidel,known,member,conspiracy,would,executed,brain,indeed,survival,would,suffice,prove,scapegoated,rommel,superiors,scapegoat,happens,trancripts,testemony,gestapo,much,dismayed
whenever,criticisms,posed,article,always,shows,criticism,false,maybe,shouldnt,pro-wikipedia,stuff,anti-wikipedia,article,morons
john,cenas,wrestling,abilities,john,cena,worst,ring,performer,ever,seen,quite,possibly,ridiculous,champion,ever,firstly,variation,moveset,crowd,rightly,said,night,standsame,shit,like,moves,even,good,continue,using,although,cena,good,entertainer,quite,frankly,worst,wrestler,seen,life,world,title,reigni,think,absolutely,preposterous,shouldnt,even,wweovw,suit,mediocre,half,baked,sloppy,wrestling,style,better
thomas,cannon,laughable,commentary,another,wikipedias,ignorant,lazy,arrogant,deleted,reply,talk,page,course,consider,lucky,point,user,page
nonsense,relevent,roskam,winner,live,dont,read,stay
dont,want,mean,idiot,thought,university,south,carolina,columbus,georgia,actually,quite,unsurprisingly,columbia,south,carolina,hence,name
thank,worm
actually,forget,request,youre,bunch,cunts,first,place,wikipedia,always,known,unreliable
alex,cisse,usein,delete,page,stpid,twunt
jamesbwatson,guess,jamesbwatson,calls,behind,back,hairy,face,like,koala,587187142
foolish,think,must,brain-dead,realize,course,charlies,stole,land,everybody,ignore,fact,nature,empire,conquer,everything,course,wrong,steal,back,land,corse,empire,rights,take,steal,annex,colonize,brainwash,land,initially,army,come,take,land,feel,like,course,empire,weakened,10-20,years,peasant,revolution,wrong,steal,back,land,come,charlies,steal,back,empire,even,listen,empire,empire,long,enough,bloody,army,east,charlies,land,absolutly,point,argue,agains,otherwise,people,come,charlies,stole,land,never,stole,first,place,expansionist,ignorant,attitude,tiny,charlies,irony
stop,acting,like,little,dictator,stop,acting,like,bloody,little,dictator,seem,think,caesar,ncaa,topics,gives,right,ignore,fact,logic,taking,position,anything,concerns,little,bailiwick,asked,editors,vote,ignored,request,supposed,helping,determine,consensus,stop,jerkweasel,reply,reasonable,suggestions
believe,facts,belong,article,including,bush,breakfast,last,thursday,wing,speed,hummingbird,moron,serious,wing,speed,hummingbird,nothing,george,bush,fact,taht,said,pure,idiocy,also,bush,breakfastremember,start,names,upper,case,nothing,anything,however,quote,made,public,speech,american,people,relevant,clearly,brain,friend,something
always,happens,unregistered,idiots,blank,useful,articles,write,trash,wont,blocked,permanently,thats,defend,wikipedia
lying,phony,tijuana,brass
translated,much,clumsy,dude,wanted,suvorovs,name,known,english,speakers
minute,theyre,atheists,members,creativity,movement,dont,believe,satan,next,accuse,enemies,satanists,shows,stupid,people
google,right,band,members,wrong,allowed,call,idiot,allowed,would,1351,2005
bias,made,unbelievably,stupid,things,explain,video,unreliable,explain,something,captured,video,unreliable,surely,dont,mean,suggest,someone,graphic,arts,studios,spent,millions,dollars,attempting,create,video,susan,roesgen,saying,things,didnt,mean,really,believe,suggest,help,really,need,quit,letting,bias,govern,interpretations,sake,wikipedia,sake,people,viewing,lunatic
ever,occur,marek,people,emphasizing,exactly,well,known,well,researched,well,referenced,issues,history,poland,people,person,simply,trying,push,quite,apologetic,naive,respect,dreaded,personalities,fascist,dictator,pilsudski,henchmen,like,josef,beck,poles,widely,known,throughout,world,refined,witty,intellectuals,potato,vodka,drinking,thiefs,beggars,pimps,pretending,wikipedia-editing,plumbers,time
life,pitiful,gook,slime
dont,even,start,confused,gender,criminal,friends,started,right,loosing,matthew,punk,friends,picked,fight,sorbs,blocked,address,without,reason,started,slanderous,material,blocked,thats,sorbsus,went,fight,sorbs,ahbl,spews,maps,criminal,activity,dont,even,think,turn,around,make,look,like,started,free,country,protects,amendment,rights,little,commies,like,sorry,pathetic,foul,little,queer,creature,existance,todays,world,makes,think,even,worthy,stand,place,steve,linford,pathetic,little,pro-spam,extortionist,friend,matthew,sullivan,arrested,sight,ever,come,extortionist,spammer,friends,treading,thin,legal,system,right,sorbs,blocked,numerous,valid,systems,well,kicked,violations,dont,want,known,prefer,people,stay,dark,access,accurate,information,time,would,list,every,valid,system,sorbs,blocked,refused,remove,well,list,criminal,record,ahbls,wiki,attempted,halt,flow,information,wikipedia,tried,numerous,censorship,schemes,many,others,well,going,stop,nazi,dictatorship,attitude,wont,life,little,everyone,right,edit,wikipedia,accurate,information,problem,take,wikipedia,useroryhara,edit,post,censor,know,love,censorship,hate,amendment,censor,everyone,opposes,ideas,supposed,hate,neutrality,well
many,free,images,scanned,user,name,bbbbbastard
nigger,chance,region,much,written,false,misleading,first,cannot,group,diverse,groups,together,dont,even,recognize,word,berber,southern,mediterranean,white,arab,berber,black,descent,black,person,going,capitalize,scary,thing,north,africa,studies,cited,useless,sample,used,inhabitants,alogn,mauritanian,coast,naturally,sub-saharan,descent,least,partially,mauritanian,though,consider,part,north,africa,idiotic,reason,recognized,part,north,africa,considered,black,terriroty,western,african,territory,region,democratic,absurdities,wouldnt,exist
diem,homosexual,dictator,never,female,companion,whatsoever,definitely,gayer,sparkling,vampire,711296214
dont,care,name,wprm,talkpage,saying,articleshall,moved,first,attempt,considered,disruptive,edit,also,need,attack,editors,calling,imbecile,talk,dont,care,name,name,consensus,dont,submitted,name,might,writing,paper,wrong,dont,care,youve,disruptive,actually,case,would,articles,showing,surname,mckay,mckay,proves,need,whatsoever,consensus,vote,actually,research,mate,instead,reverting,blinking,consensus,wrong,anyway,youve,proven,youre,good,editor,saying,dont,care,name,wprm,talkpage,saying,articleshall,moved,first,attempt,friend,shows,complete,disregard,factual,information,research,general,mate,funny,called,imbecile,attacked,first,silly,disruptive,edits,message,everything,requires,consensus,also,consensus,wrong,think
marcuse,youve,sojambi,pinola,dont,mind,buffoon,friend,biff,roses,mention,respective,spots,looks,like,basahing,people,stand,alone,edit,king,someone,else,wrote,roses,anti,semiticism,racism,poor,sojambi,trying,ever,since,thing,sided,difficult,time,persuading,others,npov-,therefore,lashes,caught,crossfireevidence,here[],notice,comparing,wants,connection,well,isnt,really,creative,wiki,skills,tries,cover,manipulations,using,hanging,villain,rather,typical,obfuscation,tehnique,accusing,every,person,posts,something,makes,edit,work,marks,user,also,reminiscent,toubling,republican,smear,tactics,last,year-,translated,site,schmuck,claims,latino,claims,jewish,claims,black,claims,white,next,hell,claim,woman,already,claimed,people,vandalism,peoples,talk,page,rose,page,frozen,first,place,also,note,complete,inability,sleuth,would,find,detective,skills,humorous,werent,evil,good,luck,singing,voice,would,improve,would,practice
article,retard}
sorry,like,unreservedly,retract,previous,statement,conceivable,pathetic,loser,nothing,better,life,going,around,trying,censor,peoples,points,view,truly,sorry,suggested,implied,case
tell,real,name,cant,think,name,mental,disorder,acts,like,nazi,realize,himmler,proxy,maybe,knows,read,aspergers,ideas,aspergers,could,himmler,proxy,admins,banned,maybe,fillls,moms,making,homework,kicked,computers,admin,response,time,really,slow,tonite
cheventogne,remove,mistakes,favor,cheventogne,back,find,name,abbey,call,idiot,idiot,understaning
dude,youre,real,douche
told,comment,talkpage,idiot,sorry
degenerate,live,grenade
levantine,arabs,white,complete,moron,white,latin,american,page,shakiras,photo,half-arab
hypocritical,double,standard,admins,typical,wikipedia
wpnotcensored,bollocks,totally,censored,bunch,dimwits
serious,question,obviously,enjoy,nasty,possibly,acceptable,ways,dont,threaten,blocked,question,dont,ever,tired,dead,wrong,many,things,often,needlessly,nasty,manner,publicly,front,fellow,editors,vandals,suck,eight,year,olds,access,internet,suck,people,like,maintain,facade,respectability,absolutely,horrible,people,really,worst,members,wikipedia,community
redirect,talkbolivian,chinchilla
deletin,pages
need,temperance,dont,know,meaning,word,doesnt,mean,whatever,king,meco,noteworthiness,spokesperson,world,christians,alternative,energy,community,says,means,couch,anger,smugness,doesnt,make,superior,makes,hypocrite,delete,account,opinions,think,noteworthy,using,standard,noteworthiness,wait,youre,standard,whatever,noteworthy,meco,babbles,away,wikipedia,acting,like,king,represent,everyone,include,speak,supposedly,needing,temperance,fiddling,splinter,imagine,mine,priorities,straight,stop,hypocritical,noteworthiness,contesting,noteworthiness,nuadin,absurd,hell,royal,noteworthiness,president,notability,arbitrary,standard,youre,nobody,contest,notability,promoting,someone,whose,opinion,matters,youre,taking,advantage,silly,rule,exalt,nobody,self,naudin,mentioned,many,times,youtube,throughout,alternative,energy,community,noted,french,news,television,channel,spinoff,invention,rather,spinoff,townsend,browns,invention,tested,mythbusters,noted,wikipedia,widely,publicized,experiments,theyve,noted,work,noteworthinness,depends,whoever,considers,thing,noteworthy,consensus,noteworthy,immature,stop,making,cheap,shot,stop,trying,force,people,play,boring,dungeons,dragons,delusion,wont,submit,feelings
danny,paulina,prefer,couple,danny,fenton,paulina,instead,stupid,goth,poser,known
fine,arse,foul,mouth,want
sing,song,sanger,hate,much
whats,idea,blocking,editing,david,irving,page,brandish,holocaust,denier,several,times,beginning,ridicoulous,nickname,think,jewish,woman,allowed,edit,appear,places,frequented,human,beings
also,like,know,simply,expressing,opinion,support,friends,talkpage,consitutes,disruption,personal,attacks,definition,personal,directed,someone,comments,directed,particularno,names,mentioned,simply,degganged,rantings,disgruntled,lunatic,acted,upon,must,struck,nerve,somewhere
disrespectful,ignorant,iryna,harpy,thing,disruptive,editing,backed,facts,data,know,better,given,colombian,unlike
listen,moron,completely,violate,wikipedia,regulations,userpage,edits,paraded,streets,animal,worthy,presence
hypocrite,blatantly,biased,accuses,everyone,sockpuppetry,ignores,peoples,comments,never,adds,anything,useful,edit,history,shows,virtually,ever,revert,criticise,editors,obviously,emotionally,inadequate,hangs,around,endlessly,pointlessly,useless,powerless,another,username,takes,seconds,around,blocked
ugly,award,thing,someone,award,ugliest,woman,last,year,forgot,gave,award,link,thats,asking,yall
think,cool,loved,reported,idiot,dark-hooded,dufus,anyway,best,friends,hereuserpic,business
waaaaahh,erase,comments,page,really,think,anybody,reading,insecure
johnny,vandal,redvers,youve,also,fallen,foul,idiot,johnny,vandal,recently,thought,welcome,select,band,youre,anything,like,position,look,forward,least,years,idiot,vandalising,talk,page,best,regards
nazi,society,people,allowed,speak,minds,someone,gets,hurt,fault,take,offense,support,freedom,speech,want,call,someone,bastard,allowed,respects,others,might,call,something,else,live,policies,edit,articles,communication,policies,accept
thought,gonna,block,homo
cretins,stupid,understand,usual,remedy,effected,antitrust,litigation,curtail,break,market,participants,dominant,anti-competitive,market,position,cretins,stupid,understand,reduction,time,particular,market,participants,share,steel,market,effect,significant,whittling,said,market,participants,dominance,cretins,stupid,understand,thus,nearly,effect,successful,antitrust,enforcement,cretins,inept,realize,lack,even,basic,understanding,relevant,economic,legal,issues,well,simple,english,language,reading,comprehension,skills,able,meaningfully,edit,sentences,pertaining,subject,811649105
record,indian,troll,trolling,fire,reminds,oh-6,flying,deliberately,draw,enemy,fire,look,comment,youll,note,tolerance,trolls,vandal,target,imbeciles,start,wiki-career,well,aware,vouch,secret-admirer/stalker/impostor,would,actually,stalk,harass,editors,harass,imposting,nothing,less,trying,deflect,indian,carry,harassing,getting,secret-admirer/stalker/impostor,latch,tail,instead,moment,commented,stupid,hand,plain,stupid,going,path,eventually,secret-admirer/stalker/impostor,reacts,lastly,indian,actually,picked,convenient,date,month,mutual,interaction,revert,edit,fully,entitled,moronic/insensitive,jerk,especially,condescending,tone,edit,summary,particular,revert,tell,take,hands,clap,honour,interaction,stayed,away,whole,month,letter,spirit,requires,letter,galls,come,pick,edit,come,oxymoron,indeed,trolling,account,times,goes,doesnt,courtesy,post,ani-notice,page,tell,trolling,forgetting,twice,convenient,excuse,nerve,♠♣♥♦™№1185©♪♫®
point,game,think,moron,many,times,youre,first,grown,complain,please,dont,ever,post,cheers,talkpage,friends
answer,youre,complete,moron,claiming,comparison,made,pointless,unsourced,merely,expanded,comparison,made,diamond,page,importing,graph,page,consistent,anal,retentive,also,remove,comparison,well,know,youre,fool,furthermore,comparison,made,graphite,diamond,made,geology,classes,around,world,feel,ignorance,merit,judgment
stay,japan,anyway
queen,lovely,photo,wanting,attention,succeeded,getting,another,womans,wanted,posted,even,understand,mathematics,beyond,idea,mathematics,think,calculus,ultimate,well,sockpuppet,fake,boyfriend,even,understand,mathematics,leads,cures,hearing,impairment,well,congratulations,fired,lovely,young,woman,wonderful,attitude,must,proud,battle,immortal,woman,within,months,cancer,make,feel,good,notable,noticed,death,like,franklin,potter,curie,kudos,immortalgoddess,goddess,goddess-like-attitude,wikipedia,crock
must,suck
guess,easy,dish,criticism,cant,take,dont,blame,fact,coldplay,collection,girly-voiced,music,illiterates,championed,badly,diseased,western,media,know,makes,music,quality,coldplay,certainly,anything
refuse,offer,apologies,labeled,dogs,wikipedia,home,vandals,propagandists,sure,proud
guys,crazy,think,radical,list
whad,syphillisss,dont,actually,contribute,something,wikipedia,instead,checking,controlling,constantly,reading,others,dont,intellectual,capacity,depth,simply,lack,life,much,virtual,vandal,patrolling,interesting,thing,either,case,know,praying,poor,soul,—preceding,unsigned,comment,added,88241172199
dont,really,like,liberals,either,much,lefty,rubbish,leaves,poor
welcome,chan,know,arbusto,bold-faced,lying,proof,jason,gastrich,even,posts,wikipedia,isnt,even,outstanding,accusation,someone,received,message,jason,telling,vote,arbusto,liar,dont,feel,even,need,reply,dont,know,gender,arbustoo,ignore,altogether,gets,together,stops,lying,trying,deceive
useful,winners,dictionary,would,think,would,hint,disliked,nope,kiand,block,head
dont,carepity,inferior,indonesiacountry,without,visioneven,speak,english,cant,change,fact,indonesianloser,always,loser,shah
knowing,happened,perhaps,ip-only,poster,idiot,however,editor,using,theyll,likely,never,rant,therefore,sure,point,discussion,page,could,someone,clarify,underlying,issue,thanks,0333,june,2012
block,hours,tanthalas39,yesterday,blocked,hours,called,userthankyoubaby,idiot,think,useful,accent,discreety,nr1-position,remark,charts,single,procedure,overrate,chart,come,somewhere,standing,blablabla,silly,know,wpiar,times,behaviour,idiot,thankyoubaby,idiot,hope,understand,thnx
tasted,super
reply,dont,visit,hell,belong
repeat,daedalus969,biznitch,repeat,daedalus969,biznitch,repeat,daedalus969,biznitch,repeat,daedalus969,biznitch,repeat,daedalus969,biznitch,repeat,daedalus969,biznitch,repeat,daedalus969,biznitch,repeat,daedalus969,biznitch,repeat,daedalus969,biznitch,repeat,daedalus969,biznitch,repeat,daedalus969,biznitch,repeat,daedalus969,biznitch,repeat,daedalus969,biznitch,repeat,daedalus969,biznitch,repeat,daedalus969,biznitch,repeat,daedalus969,biznitch,repeat,daedalus969,biznitch,repeat,daedalus969,biznitch,repeat,daedalus969,biznitch,repeat,daedalus969,biznitch,repeat,daedalus969,biznitch,repeat,daedalus969,biznitch,repeat,daedalus969,biznitch,repeat,daedalus969,biznitch,repeat,daedalus969,biznitch,repeat,daedalus969,biznitch,repeat,daedalus969,biznitch,repeat,daedalus969,biznitch,repeat,daedalus969,biznitch,repeat,daedalus969,biznitch,repeat,daedalus969,biznitch,repeat,daedalus969,biznitch,repeat,daedalus969,biznitch,repeat,daedalus969,biznitch,repeat,daedalus969,biznitch,repeat,daedalus969,biznitch,repeat,daedalus969,biznitch,repeat,daedalus969,biznitch,repeat,daedalus969,biznitch,repeat,daedalus969,biznitch,repeat,daedalus969,biznitch,repeat,daedalus969,biznitch,repeat,daedalus969,biznitch,repeat,daedalus969,biznitch,repeat,daedalus969,biznitch,repeat,daedalus969,biznitch,repeat,daedalus969,biznitch,repeat,daedalus969,biznitch,repeat,daedalus969,biznitch,repeat,daedalus969,biznitch,repeat,daedalus969,biznitch,repeat,daedalus969,biznitch,repeat,daedalus969,biznitch,repeat,daedalus969,biznitch,repeat,daedalus969,biznitch,repeat,daedalus969,biznitch,repeat,daedalus969,biznitch,repeat,daedalus969,biznitch,repeat,daedalus969,biznitch,repeat,daedalus969,biznitch,repeat,daedalus969,biznitch,repeat,daedalus969,biznitch,repeat,daedalus969,biznitch,repeat,daedalus969,biznitch,repeat,daedalus969,biznitch,repeat,daedalus969,biznitch,repeat,daedalus969,biznitch,repeat,daedalus969,biznitch,repeat,daedalus969,biznitch,repeat,daedalus969,biznitch,repeat,daedalus969,biznitch,repeat,daedalus969,biznitch,repeat,daedalus969,biznitch,repeat,daedalus969,biznitch,repeat,daedalus969,biznitch,repeat,daedalus969,biznitch,repeat,daedalus969,biznitch,repeat,daedalus969,biznitch,repeat,daedalus969,biznitch,repeat,daedalus969,biznitch,repeat,daedalus969,biznitch,repeat,daedalus969,biznitch,repeat,daedalus969,biznitch,repeat,daedalus969,biznitch,repeat,daedalus969,biznitch,repeat,daedalus969,biznitch,repeat,daedalus969,biznitch,repeat,daedalus969,biznitch,repeat,daedalus969,biznitch,repeat,daedalus969,biznitch,repeat,daedalus969,biznitch,repeat,daedalus969,biznitch,repeat,daedalus969,biznitch,repeat,daedalus969,biznitch,repeat,daedalus969,biznitch,repeat,daedalus969,biznitch,repeat,daedalus969,biznitch,repeat,daedalus969,biznitch,repeat,daedalus969,biznitch,repeat,daedalus969,biznitch,repeat,daedalus969,biznitch,repeat,daedalus969,biznitch,repeat,daedalus969,biznitch,repeat,daedalus969,biznitch,repeat,daedalus969,biznitch,repeat,daedalus969,biznitch,repeat,daedalus969,biznitch,repeat,daedalus969,biznitch,repeat,daedalus969,biznitch,repeat,daedalus969,biznitch,repeat,daedalus969,biznitch,repeat,daedalus969,biznitch,repeat,daedalus969,biznitch,repeat,daedalus969,biznitch,repeat,daedalus969,biznitch,repeat,daedalus969,biznitch,repeat,daedalus969,biznitch,repeat,daedalus969,biznitch,repeat,daedalus969,biznitch,repeat,daedalus969,biznitch,repeat,daedalus969,biznitch,repeat,daedalus969,biznitch,repeat,daedalus969,biznitch,repeat,daedalus969,biznitch,repeat,daedalus969,biznitch,repeat,daedalus969,biznitch,repeat,daedalus969,biznitch
pointless,discussion,party,well,established,joined,another,fourth,count,stint,independant,much,happening
person,doesnt,want,around,friend,mean,hell,wouldnt,even,help,oltl,wikia,update,cast,list,make,articles,link,cast,members,something,want,asked,nicely,could,sumthin,turned,basically,could,care,less,block,thing,dont,think,first,person,around,block,reason,people,dont,know,friggin,spell,reading,port,charles,article,idiots,wrote,couldnt,even,spell,nice,made,corrections,thats,need,idiots,post,stuff,mispell,word,correct,word,68114218113
chris,known,paedophile,still,allowed,edit,wikipedia
would,cite,references,made,bold,freakin,text,neither,find,hassled,sites,features,venture,references,button,chapter,number,quotes,accordingly,edit,giving,excuse,means,defiling,though,lifes,passion,find,troubling,move,references,made,references,section,crying,loud,dont,undoing,edits,like,douche,seeking,start,edit,wars,authority,take,makes,look,like,cretin,honestly
thats,right,hero,aint,woman,take,care,instead,reverting,vandalism,obscure,wiki,pages,loser,seriously
sitush,know,better,jatt,sikhs,aresee,free,like,people,edit,random,articles,wikkepedia,life,presented,true,view,jatts,know,nothing,saying,shudra,face,jatt,might,last,words,thereatning,telling,truth,please,visit,punjab,lifetime,sitush,salle,harami,karar,banye,tujhe,kuch,pata,zada,sala,wikepedia,batha,writer,raha,nothing,real,life,block,cause,dont,care,cause,people,like,dumband,stay,dumb
many,languages,zorglub-prv,dear,zorglub-prv,claim,speak,portuguese,english,spanish,french,russian,thinks,person,communist,paid,cell,watching,communist,propaganda,wikipedia,urge,stop,messing,around,stop,making,political,communist,propaganda
warning,please,warned,moderator,rude,tempered,unjust,believe,happily,ruin,hard,work,making,wikipedia,better,helpful,place,even,discuss,point,user,headed,stuborn,listen,anything,child,like,would,suggest,grow,thanks
*these,jokers,another,example,people,fail,realize,importance,descent,notably,british,heritage,ones,scotish,think,would,hard,find,people,ethnic,group,world,would,refuse,importance,descent,ethnic,identity,calgacus,even,admits,important,descent,though,since,passes,many,parts,ethnicity,alun,fool,americans,probably,canadians,ethnic,canadians,americans,since,always,multi-cultural,multi-ethnic,multi-racial,nations,read,cracker,saying,shit,says,deep,majority,peeps,almost,every,nation,world,recognize,family,heritage,background,part,including,ethnicity,spread,leftist,anarchy,somewhere,else,fool
scienceapologist,sincerely,believe,scienceantagonist,bigot,liar,cheat,known,hacked,sites,spammed,email,addresses,also,banned,science,bulletin,boards,relentless,pursuit,ideas,challenge,world,view,ongoing,underhand,attacks,tresman,mark,days,history,wikipedia,tresman,deserves,fair,hearing,8235165180,dvd@plasmacosmologynet
[[™]]whoever,next,person,write,page,admitted,aids,fellates,aids,monkeys,non-stop,cant,edit,page,user,page,amounts,hypocrisy,winner,usertbhotch
didnt,attack,weirdo
propol,make,simple,young,like,self,understands,additions,james,philips,dont,meet,standards,encyclopedic,content,remove,play,games,bandy,words,question,motives,editors,accusations,bias,simply,remove,explanation,dont,meet,standards,encyclopedic,content,since,reasons,actions,censored,also,fully,expect,content,contain,fanciful,speculation,unproven,allegations,nonsense,expect,admin,remove,enforce,wiki,policy,standard,meet,james,philip,dont,closing,leader,jimmy,said,quote,real,people,involved,hurt,words,tabloid,journalism,encyclopedia,–jimmy,wales,quoting,jimmy,reverting,someone,trying,remove,libel,horribly,stupid,thing,do–jimmy,wales,dont,stupid
showed,another,homo,bites,dust
amazoncom,reputable,source,neither,dust,cover,book,youre,trying,turn,informercial,relatively,unknown,individuals,controversial,theories,maybe,genius,maybe,idiot,isnt,accepted,opinion,hence,shouldnt,encyclopedia
must,complete,moron,authority,warn,people,warned,whoop,stop,bugging,people,life
original,poster,idiot,listens,music,like,linkin,park,limp,bizkit,calls,metal,since,metal,much,diverse,nu-metal,trouble,forumulating,thoughts,within,small,collection,neurons,called,brain,plus,people,intelliegence,able,distinguish,metal,genres,quite,easily,needs,commit,suicide
golden,support,article,much,helped,save,anyone,important,besides,sound,like,idiot,believe,change,ideas,life,something,stupid
smell,contaygius
sock,need,100px,template,image
appologies,racist,remarks,general,moronics,asshole-itude,cockbites,dubya,page,learned,lesson,apparently,majority,always,unbiased,right,wikipedia,bring,re-ienforcments,unbias,article,next,time,guess,another,case,democrasy,failing,-steve,ryanfreisling,mother,humping,father,felating,dubya,fonding,assmuncher,highest,order,right,catholic,priests,rush,limbaugh,michael,jackson,fag-o-meter
snowded,demonstrating,autism
looks,like,tried,editing,shions,page,shes,girl,idiot,read,storyline,next,time
attention,biaatch=,know,want,arent,dont,like,posers,dont,pretend,ever
life,unlike,ugly,uneducated,poor,like,saying,battle,persian,gate,much,decisive,victory,macedonians,thermopylae,persians,pro-greek,completely,nonsense,persians,battle,thermopylae,easily,alexander,almost,defeated,persian,gates,first,macedonian,attack,repelled,second,caused,heavy,casualties,macedonian,side,know,mommy,told,stories,brave,unbeatable,alexander,gone,article,greek,fairy,tales,history,thank,93142189185
rapist,please,edit,article,include,important,fact,thank,preceding,unsigned,comment,added,talk,contribs
also,usergsk,fact,verify,lying,behing,retaliatory,youre,simply,making,fool,https//enwikipediaorg/wiki/wikipediaadministrators%27_noticeboard/edit_warring#user7272240141_reported_by_usergsk_28result_protected29
yeah,youre,really,proof,hypocrisy,wikipedia,right,thank
away,artkos,make,total,pest,elsewhere,others,trying,stuff
proud,mine,shames,thats,reduce,shame,examples,lies,said,estonian,didnt,kill,jews,many,like,mvei
===if,editors,cannot,respond,even,simple,fairness,practices,comes,acknowledging,females,effect,history,well,screw,always,think,going,away,mistaken,hole,half,world,part,bear,raise,children,interpret,zeitgeist,artistically,sensitively,love,whether,straight,muslim,christian,whether,whatever,tired,bullcrap
lied,liar
ellie,chronicals,going,continue,make,dear,gang,upset,john,marsdon,lawyer,died,john,marsdon,wrote,terrible,tommorow,series,simlply,trash,large,episode,mcleods,daughters,cannon,shot
sorry,mate,sorry,mate,meaasges,james,mays,talk,page,prove,little,prat
also,mean,blunt,members,example,user,said,something,like,pinoy,brothers,darlings,eaglestorm,would,make,post,like,pbbs,darlings,stupid
check,dumb,mexican,http//wwwripoffreportcom/reports/ripoff193659htm
administratore,need,help,stop,direktor,alasdair,fools,look,talk,page,please,want,2-page,letter,apology,direktor
